Activity Type,Date,Favorite,Title,Distance,Calories,Time,Avg HR,Max HR,Aerobic TE,Avg Cadence,Max Cadence,Avg Pace,Best Pace,Total Ascent,Total Descent,Avg Stride Length,Training Stress Score®,Total Strokes,Avg. Swolf,Avg Stroke Rate,Steps,Total Reps,Total Sets,Decompression,Best Lap Time,Number of Laps,Moving Time,Elapsed Time,Min Elevation,Max Elevation
Walking,2026-03-19 20:04:39,false,"Majadahonda Walking","6.41","472","01:06:17","120","150","3.1","112","247","10:21","6:02","74","73","0.87","0.0","--","--","--","7,482","--","--","No","00:04:16.7","7","01:06:04","01:06:17","677","750"
Walking,2026-03-18 10:46:40,false,"Majadahonda Walking","1.64","103","00:17:40","124","142","1.0","101","210","10:49","9:52","6","43","0.92","0.0","--","--","--","1,968","--","--","No","00:06:52.3","2","00:17:40","00:17:40","679","722"
Trail Running,2026-03-18 10:13:00,false,"Majadahonda - R20 W04 (02:00)","3.48","268","00:33:08","140","166","2.6","124","165","9:32","7:23","33","25","0.86","0.0","--","--","--","4,230","--","--","No","00:00:07.8","17","00:33:07","00:33:08","716","750"
Walking,2026-03-18 10:02:07,false,"Majadahonda Walking","1.01","82","00:10:08","138","158","2.0","112","250","10:03","7:52","38","5","0.87","0.0","--","--","--","1,210","--","--","No","00:00:02.1","2","00:10:07","00:10:08","689","722"
Walking,2026-03-17 10:59:00,false,"Majadahonda Walking","1.01","65","00:11:00","126","134","0.7","97","222","10:55","9:04","6","38","0.94","0.0","--","--","--","1,204","--","--","No","00:00:05.5","2","00:10:58","00:11:00","679","715"
Trail Running,2026-03-17 10:28:00,false,"Majadahonda - R20 W05 (03:00)","3.15","242","00:31:05","145","171","2.5","125","225","9:52","7:48","40","34","0.83","0.0","--","--","--","3,974","--","--","No","00:00:01.0","14","00:31:05","00:31:05","707","746"
Walking,2026-03-17 10:20:31,false,"Majadahonda Walking","0.63","49","00:07:03.7","127","142","0.9","104","228","11:10","10:38","22","--","0.86","0.0","--","--","--","784","--","--","No","00:07:03.7","1","00:06:55","00:07:03.7","685","711"
Trail Running,2026-03-14 11:50:47,false,"Boadilla del Monte - Week 3 Running","3.67","265","00:35:24","134","168","2.7","122","231","9:38","6:28","22","29","0.87","0.0","--","--","--","4,566","--","--","No","00:01:30","17","00:35:18","00:35:24","720","738"
Walking,2026-03-13 14:37:19,false,"Las Rozas de Madrid Walking","0.69","43","00:09:25.2","--","--","0.2","98","234","13:40","10:02","--","3","0.74","0.0","--","--","--","958","--","--","No","00:09:25.2","1","00:09:07","00:09:48.6","739","745"
Walking,2026-03-10 12:22:49,false,"Majadahonda Walking","2.23","142","00:26:38","114","123","1.1","103","231","11:56","10:38","24","70","0.82","0.0","--","--","--","2,878","--","--","No","00:02:50.5","3","00:26:37","00:26:38","670","717"
Trail Running,2026-03-10 11:49:00,false,"Majadahonda - Week 3 Running","3.47","270","00:33:07","141","168","3.0","125","243","9:32","6:44","39","38","0.86","0.0","--","--","--","4,296","--","--","No","00:00:06.7","17","00:33:07","00:33:07","717","750"
Walking,2026-03-10 11:38:07,false,"Majadahonda Walking","1.00","93","00:10:05","135","143","2.3","111","250","10:06","2:21","35","--","0.89","0.0","--","--","--","1,202","--","--","No","00:10:05","1","00:10:04","00:10:05","685","722"
Pilates,2026-03-09 19:08:08,false,"Pilates","0.00","107","00:43:52","83","111","0.2","--","--","--","--","--","--","0.00","0.0","--","--","--","--","--","1","No","00:43:52","1","00:43:52","00:43:52","--","--"
Walking,2026-03-08 13:02:11,false,"Majadahonda Walking","4.71","333","00:54:44","120","138","2.2","99","242","11:37","7:42","36","54","0.88","0.0","--","--","--","5,868","--","--","No","00:08:13.3","5","00:53:53","00:54:50","719","750"
Trail Running,2026-03-08 12:30:25,false,"Majadahonda - Week 2 Running","3.21","252","00:31:06","140","163","2.7","119","231","9:42","5:50","35","24","0.86","0.0","--","--","--","3,828","--","--","No","00:00:06.3","21","00:31:05","00:31:06","725","750"
Walking,2026-03-08 12:16:19,false,"Majadahonda Walking","1.16","77","00:13:25","118","136","0.7","90","120","11:34","9:39","15","15","0.96","0.0","--","--","--","1,464","--","--","No","00:01:52.1","2","00:13:14","00:13:31","720","735"
Running,2026-03-07 15:30:19,false,"Alcobendas Running","2.72","207","00:19:36","162","190","3.1","145","235","7:12","5:05","46","47","0.96","0.0","--","--","--","2,922","--","--","No","00:05:18.2","3","00:19:19","00:47:33","660","678"
Walking,2026-03-07 12:16:41,false,"Boadilla del Monte Walking","3.73","259","00:38:48","120","141","2.3","104","222","10:23","8:03","18","15","0.93","0.0","--","--","--","4,430","--","--","No","00:07:13.6","4","00:38:30","00:38:48","720","735"
Walking,2026-03-05 09:28:01,false,"Majadahonda Walking","1.81","133","00:21:04","121","142","1.6","99","237","11:40","8:43","36","30","0.86","0.0","--","--","--","2,308","--","--","No","00:09:02.7","2","00:21:03","00:21:04","679","701"
Running,2026-03-05 08:52:49,false,"Majadahonda - Week 3 Running","3.86","295","00:33:15","149","179","3.3","128","243","8:37","2:51","53","52","0.91","0.0","--","--","--","4,556","--","--","No","00:00:15.3","17","00:33:15","00:33:35","678","728"
Running,2026-03-04 13:17:48,false,"Majadahonda - Week 2 Running","2.87","223","00:31:07","132","162","2.3","115","225","10:51","6:26","54","28","0.80","0.0","--","--","--","3,682","--","--","No","00:00:06.9","21","00:31:01","00:31:07","688","722"
Running,2026-03-03 09:30:15,false,"Majadahonda - Week 3 Running","3.42","272","00:33:04","146","175","2.9","125","231","9:41","6:46","68","35","0.83","0.0","--","--","--","4,224","--","--","No","00:00:03.9","17","00:33:03","00:33:04","677","722"
Trail Running,2026-03-01 12:37:48,false,"Boadilla del Monte - Week 1 Running","1.41","100","00:13:16","122","155","2.0","105","184","9:26","4:20","5","7","1.01","0.0","--","--","--","1,590","--","--","No","00:00:16.1","10","00:12:59","00:13:16","726","735"
Walking,2026-02-28 12:37:03,false,"Madrid Walking","3.19","233","00:41:15","121","134","1.8","89","237","12:56","6:23","18","51","0.87","0.0","--","--","--","4,256","--","--","No","00:02:45.8","4","00:40:28","00:43:16","659","692"
Walking,2026-02-28 12:37:00,false,"Walking - MyFitnessPal","--","167","00:41:00","--","--","--","--","--","--","--","--","--","--","0.0","--","--","--","--","--","--","No","00:41:00","1","--:--:--","00:41:00","--","--"
Trail Running,2026-02-28 12:05:02,false,"Alcobendas - Week 2 Running","3.25","256","00:31:02","145","173","3.0","113","239","9:33","5:38","41","5","0.94","0.0","--","--","--","3,754","--","--","No","00:00:02.1","21","00:30:53","00:31:25","658","697"
Running,2026-02-26 13:17:26,false,"Majadahonda - Week 2 Running","3.20","255","00:31:06","145","175","2.8","118","182","9:43","5:16","65","39","0.87","0.0","--","--","--","3,756","--","--","No","00:00:06.5","21","00:31:05","00:31:06","683","722"
Running,2026-02-25 12:34:59,false,"Majadahonda - Week 1 Running","3.12","264","00:30:36","136","164","2.6","114","245","9:49","5:18","70","42","0.89","0.0","--","--","--","3,614","--","--","No","00:00:06.3","25","00:30:35","00:30:36","683","722"
Running,2026-02-24 08:36:32,false,"Majadahonda - Week 2 Running","3.17","266","00:31:07","141","170","2.8","120","214","9:49","5:44","59","41","0.85","0.0","--","--","--","3,872","--","--","No","00:00:06.6","21","00:31:06","00:31:07","690","722"
Running,2026-02-22 10:53:13,false,"Alcobendas - Week 1 Running","3.12","238","00:30:36","133","158","2.7","117","206","9:49","5:30","42","48","0.86","0.0","--","--","--","3,618","--","--","No","00:00:06.4","25","00:30:25","00:30:36","687","697"
Trail Running,2026-02-15 11:56:16,false,"Boadilla del Monte - Week 1 Running","3.08","247","00:30:37","136","162","2.4","102","228","9:56","5:50","14","7","1.02","0.0","--","--","--","3,482","--","--","No","00:00:07.3","25","00:30:33","00:30:37","725","735"
Trail Running,2026-02-14 11:35:34,false,"Madrid - Week 2 Running","3.33","273","00:31:31","141","168","3.0","107","234","9:28","5:49","16","13","1.00","0.0","--","--","--","3,798","--","--","No","00:00:31.2","21","00:31:23","00:31:31","596","605"
Running,2026-02-12 10:10:29,false,"Majadahonda - Week 2 Running","3.03","259","00:31:06","142","173","2.6","113","231","10:15","5:25","64","31","0.88","0.0","--","--","--","3,712","--","--","No","00:00:06.5","21","00:31:05","00:31:06","682","722"
Running,2026-02-11 07:46:14,false,"Majadahonda - Week 1 Running","2.88","231","00:30:36","132","157","2.2","102","229","10:38","5:57","54","28","0.94","0.0","--","--","--","3,584","--","--","No","00:00:06.0","25","00:30:03","00:30:36","679","722"
Running,2026-02-10 10:09:06,false,"Majadahonda - Week 2 Running","2.97","252","00:31:08","145","170","2.4","108","176","10:30","6:07","46","24","0.92","0.0","--","--","--","3,810","--","--","No","00:00:07.7","21","00:30:59","00:31:08","685","721"
Walking,2026-02-08 14:23:26,false,"Boadilla del Monte Walking","6.53","493","01:22:13","124","144","2.2","87","235","12:36","6:46","43","32","0.91","0.0","--","--","--","8,278","--","--","No","00:07:39.4","7","01:19:18","01:43:55","689","735"
Trail Running,2026-02-08 13:52:17,false,"Boadilla del Monte - Week 1 Running","2.99","240","00:30:46","136","160","2.5","107","238","10:17","6:27","8","18","0.92","0.0","--","--","--","3,640","--","--","No","00:00:16.2","25","00:30:42","00:30:46","714","735"
Walking,2026-02-07 12:52:22,false,"Boadilla del Monte Walking","2.29","175","00:27:44","132","154","1.5","94","222","12:08","10:05","16","10","0.87","0.0","--","--","--","2,946","--","--","No","00:03:46.3","3","00:27:26","00:27:44","716","735"
Trail Running,2026-02-07 12:19:13,false,"Boadilla del Monte - Week 1 Running","3.29","259","00:32:46","140","170","2.8","114","230","9:58","5:42","10","24","0.91","0.0","--","--","--","3,992","--","--","No","00:00:30","25","00:32:45","00:32:46","713","735"
Trail Running,2026-02-05 12:33:28,false,"Majadahonda - Week 2 Running","3.13","255","00:31:02","144","174","2.9","112","222","9:55","6:05","20","49","0.92","0.0","--","--","--","3,664","--","--","No","00:00:02.4","21","00:30:56","00:31:02","700","750"
Running,2026-02-04 12:51:24,false,"Majadahonda - Week 1 Running","2.79","235","00:30:37","140","162","2.8","108","221","10:58","5:56","48","76","0.85","0.0","--","--","--","3,458","--","--","No","00:00:00.9","26","00:30:29","00:30:37","681","729"
Running,2026-02-03 12:08:02,false,"Majadahonda - Week 2 Running","3.05","263","00:31:07","145","177","3.0","112","226","10:13","6:00","61","27","0.89","0.0","--","--","--","3,754","--","--","No","00:00:06.8","21","00:31:07","00:31:07","683","722"
Running,2026-02-01 14:42:12,false,"Majadahonda - Week 1 Running","2.97","258","00:30:39","147","174","3.3","103","175","10:18","5:58","68","32","0.98","0.0","--","--","--","3,546","--","--","No","00:00:09.1","25","00:30:39","00:30:39","679","722"
Walking,2026-01-31 12:36:37,false,"Boadilla del Monte Walking","3.27","257","00:41:46","125","145","2.1","77","233","12:47","1:01","32","30","1.05","0.0","--","--","--","4,090","--","--","No","00:03:17.1","4","00:39:11","01:24:44","688","720"
Trail Running,2026-01-31 12:05:25,false,"Boadilla del Monte - Week 1 Running","3.21","252","00:30:37","138","170","3.2","110","248","9:31","3:58","10","28","0.96","0.0","--","--","--","3,596","--","--","No","00:00:06.7","25","00:29:58","00:30:37","711","735"
Running,2026-01-29 09:57:56,false,"Majadahonda - Week 1 Running","2.77","235","00:30:34","139","164","2.9","110","182","11:03","5:36","47","27","0.81","0.0","--","--","--","3,490","--","--","No","00:00:04.4","25","00:30:29","00:30:34","685","722"
Running,2026-01-27 10:11:24,false,"Majadahonda - Week 1 Running","2.88","234","00:30:35","137","162","3.0","115","233","10:37","5:21","41","57","0.82","0.0","--","--","--","3,524","--","--","No","00:00:01.1","26","00:30:34","00:30:35","670","722"
Walking,2026-01-25 13:12:57,false,"Boadilla del Monte Walking","6.87","548","01:21:43","133","171","3.0","94","245","11:54","3:09","57","45","0.90","0.0","--","--","--","8,428","--","--","No","00:09:55.9","7","01:15:32","01:41:59","689","735"
Running,2026-01-25 12:41:56,false,"Boadilla del Monte - Week 1 Running","3.09","242","00:30:34","140","163","3.0","108","247","9:53","4:48","14","26","0.94","0.0","--","--","--","3,514","--","--","No","00:00:03.6","25","00:30:34","00:30:34","714","735"
Running,2026-01-24 12:21:17,false,"Boadilla del Monte - Week 1 Running","3.02","236","00:30:43","132","165","3.0","102","224","10:11","2:11","15","25","0.97","0.0","--","--","--","3,432","--","--","No","00:00:01.4","27","00:30:32","00:30:43","725","744"
Running,2026-01-23 11:31:59,false,"Majadahonda - Week 1 Running","2.70","228","00:30:33","138","161","2.8","110","225","11:18","6:33","51","35","0.80","0.0","--","--","--","3,506","--","--","No","00:00:02.6","25","00:30:30","00:30:33","679","722"
Running,2026-01-20 10:44:15,false,"Majadahonda - Week 1 Running","2.76","244","00:30:01","152","175","3.2","107","172","10:51","5:44","47","30","0.86","0.0","--","--","--","3,348","--","--","No","00:00:30","25","00:29:53","00:30:01","676","722"
Trail Running,2026-01-18 11:42:37,false,"Boadilla del Monte - Week 1 Running","3.09","243","00:30:41","136","165","3.1","104","218","9:57","6:26","49","19","0.98","0.0","--","--","--","3,456","--","--","No","00:00:10.9","25","00:30:35","00:30:41","694","735"
Walking,2026-01-13 12:04:03,false,"Majadahonda Walking","4.17","326","00:45:33","136","165","3.0","106","237","10:55","8:30","67","61","0.86","0.0","--","--","--","5,122","--","--","No","00:01:51.8","5","00:45:25","00:45:33","670","722"
Walking,2026-01-11 13:33:18,false,"Boadilla del Monte Walking","4.31","302","00:53:48","116","136","2.1","90","250","12:29","8:30","3","41","0.90","0.0","--","--","--","5,488","--","--","No","00:04:09.6","5","00:51:02","00:53:48","692","735"
Walking,2025-09-20 13:22:21,false,"Boadilla del Monte Walking","4.74","436","01:03:13","136","160","2.9","90","240","13:21","5:39","17","17","0.84","0.0","--","--","--","6,516","--","--","No","00:09:11.4","5","00:58:46","01:03:13","661","683"
Walking,2025-09-16 12:15:27,false,"Las Rozas de Madrid Walking","2.38","217","00:31:30","133","163","2.3","102","114","13:14","11:01","19","16","0.74","0.0","--","--","--","3,310","--","--","No","00:04:39.6","3","00:31:29","00:31:30","732","750"
Walking,2025-09-12 12:43:39,false,"Majadahonda Walking","1.62","148","00:27:53","114","135","0.9","68","120","17:11","7:05","24","31","0.86","0.0","--","--","--","2,642","--","--","No","00:09:16.5","2","00:27:53","00:27:53","677","701"
Walking,2025-09-08 19:17:21,false,"Sanxenxo Walking","3.71","328","01:10:20","108","136","1.0","52","198","18:56","13:32","74","78","1.04","0.0","--","--","--","5,578","--","--","No","00:15:16","4","00:59:31","01:10:21","--","38"
Walking,2025-09-07 11:07:17,false,"Sanxenxo Walking","8.39","766","02:11:19","124","152","2.6","70","222","15:39","8:35","146","148","0.94","0.0","--","--","--","11,928","--","--","No","00:05:08.6","9","01:56:02","02:11:19","6","104"
Walking,2025-09-06 19:41:22,false,"Sanxenxo Walking","1.58","174","00:40:03","102","118","0.6","41","155","25:22","9:33","23","13","0.97","0.0","--","--","--","2,516","--","--","No","00:16:26","2","00:24:36","00:40:03","2","19"
Walking,2024-12-21 05:59:16,false,"Sanxenxo Walking","1.95","197","00:41:11","103","119","1.0","55","154","21:09","9:39","26","13","0.87","0.0","--","--","--","2,906","--","--","No","00:18:11","2","00:27:38","00:41:11","1","17"
Running,2024-11-15 11:52:55,false,"Majadahonda - Week 1 Running","3.21","304","00:30:36","165","181","3.7","116","178","9:31","5:02","37","18","0.90","0.0","--","--","--","3,636","--","--","No","00:00:06.2","25","00:30:36","00:30:36","715","750"
Running,2024-11-11 20:09:58,false,"Majadahonda - Week 2 Running","3.17","308","00:31:02","160","186","3.8","111","231","9:48","6:07","51","22","0.93","0.0","--","--","--","3,698","--","--","No","00:00:01.9","21","00:31:00","00:31:02","707","750"
Running,2024-11-08 18:44:41,false,"Majadahonda - Week 1 Running","3.22","322","00:30:33","158","184","4.1","113","230","9:29","5:28","46","16","0.95","0.0","--","--","--","3,598","--","--","No","00:00:03.3","25","00:30:26","00:30:33","712","750"
Running,2024-11-07 12:55:20,false,"Majadahonda - Week 1 Running","2.94","283","00:30:33","161","179","3.3","110","229","10:24","6:19","44","11","0.88","0.0","--","--","--","3,510","--","--","No","00:00:02.8","25","00:30:23","00:30:33","708","750"
Running,2024-11-05 13:12:50,false,"Majadahonda - Week 1 Running","2.62","248","00:30:33","149","168","2.7","99","165","11:40","7:19","49","9","0.87","0.0","--","--","--","3,324","--","--","No","00:00:01.0","26","00:30:20","00:30:33","708","750"
Running,2024-11-04 12:25:50,false,"Majadahonda - Week 1 Running","3.21","295","00:38:09","147","173","3.0","106","161","11:53","8:26","52","22","0.79","0.0","--","--","--","4,116","--","--","No","00:00:30","25","00:38:09","00:38:09","707","750"
Walking,2024-11-01 11:49:05,false,"Majadahonda Walking","6.04","487","01:17:08","129","148","2.7","92","236","12:46","7:54","78","72","0.86","0.0","--","--","--","8,052","--","--","No","00:00:02.0","9","01:16:22","01:17:08","677","750"
Walking,2024-10-30 09:08:37,false,"Majadahonda Walking","5.29","447","01:15:44","127","150","2.1","77","222","14:18","6:13","65","58","0.92","0.0","--","--","--","7,094","--","--","No","00:04:14.0","6","01:11:46","01:15:44","673","722"
Walking,2024-09-18 19:44:17,false,"Majadahonda Walking","0.76","69","00:09:48.1","96","137","2.0","95","223","12:49","11:27","23","22","0.82","0.0","--","--","--","986","--","--","No","00:09:48.1","1","00:09:22","00:09:48.1","677","701"
Walking,2024-01-14 12:58:14,false,"Rascafría Walking","5.98","937","02:49:38","128","170","3.7","27","231","28:21","7:10","225","224","1.42","0.0","--","--","--","8,274","--","--","No","00:19:22","6","01:11:11","03:15:43","1,818","2,017"
Walking,2023-10-02 18:41:19,false,"Majadahonda Walking","12.16","879","02:25:31","127","154","3.1","96","244","11:58","8:26","110","107","0.88","0.0","--","--","--","15,588","--","--","No","00:01:55.8","13","02:24:43","02:25:31","677","750"
Walking,2023-09-28 10:04:34,false,"Majadahonda Walking","10.27","768","02:12:04","121","158","2.8","87","250","12:52","7:00","126","125","0.91","0.0","--","--","--","13,076","--","--","No","00:00:16.2","12","01:56:01","02:12:05","670","750"
Walking,2023-09-25 19:31:30,false,"Majadahonda Walking","8.56","648","01:48:43","120","141","2.2","93","236","12:42","5:28","121","114","0.85","0.0","--","--","--","11,134","--","--","No","00:06:08.1","9","01:44:21","02:35:53","670","747"
Walking,2023-09-24 19:33:12,false,"Majadahonda Walking","10.09","743","02:11:16","117","137","2.6","92","235","13:01","1:19","114","113","0.84","0.0","--","--","--","13,428","--","--","No","00:01:02.7","11","02:07:15","02:11:16","677","749"
Walking,2023-09-22 19:53:30,false,"Majadahonda Walking","6.80","498","01:25:30","114","135","2.3","103","125","12:35","10:05","116","111","0.77","0.0","--","--","--","9,224","--","--","No","00:09:51.3","7","01:23:48","01:25:30","670","750"
Walking,2023-09-18 19:28:02,false,"Majadahonda Walking","7.63","537","01:34:59","111","125","2.3","90","231","12:27","9:42","87","85","0.89","0.0","--","--","--","10,104","--","--","No","00:07:07.8","8","01:32:55","01:36:08","678","749"
Walking,2023-09-17 19:47:57,false,"Pozuelo de Alarcón Walking","4.26","310","01:02:38","103","134","0.9","72","154","14:43","11:54","42","43","0.95","0.0","--","--","--","5,794","--","--","No","00:03:41.3","5","00:58:36","01:14:18","711","738"
Walking,2023-05-01 19:29:16,false,"Majadahonda Walking","8.47","659","01:30:50","132","160","3.0","105","243","10:44","1:49","124","130","0.89","0.0","--","--","--","10,324","--","--","No","00:04:59.1","9","01:30:39","01:53:52","670","749"
Walking,2023-04-30 17:12:09,false,"Majadahonda Walking","4.15","316","00:53:42","120","142","2.1","93","220","12:56","11:10","78","71","0.83","0.0","--","--","--","5,664","--","--","No","00:02:01.5","5","00:53:11","00:53:43","670","722"
Walking,2023-04-24 20:29:59,false,"Majadahonda Walking","4.00","330","00:51:28","111","144","2.2","94","226","12:52","10:12","79","78","0.83","0.0","--","--","--","5,296","--","--","No","00:00:01.4","5","00:48:51","00:51:28","670","721"
Walking,2023-04-20 18:43:48,false,"Majadahonda Walking","7.77","585","01:49:28","117","142","2.2","97","118","14:05","11:01","73","77","0.73","0.0","--","--","--","11,012","--","--","No","00:09:59.6","8","01:41:43","01:49:28","678","750"
Walking,2023-04-17 18:21:35,false,"Majadahonda Walking","2.77","228","00:37:54","118","140","2.0","99","120","13:40","7:28","45","18","0.74","0.0","--","--","--","3,908","--","--","No","00:11:39","3","00:37:30","00:37:54","674","721"
Walking,2023-04-06 12:52:26,false,"Boadilla del Monte Walking","5.90","441","01:25:43","114","146","1.6","62","158","14:32","10:49","42","40","1.12","0.0","--","--","--","8,224","--","--","No","00:13:25","6","01:21:04","01:25:43","693","735"
Strength Training,2023-03-29 17:26:50,false,"Strength","0.00","141","00:14:37","141","163","2.5","--","--","--","--","--","--","--","0.0","--","--","--","70","35","7","No","00:14:37","1","00:05:35.0","00:14:41","--","--"
Treadmill Running,2023-03-29 17:08:15,false,"Treadmill Running","1.05","133","00:13:15","141","166","2.6","121","163","12:36","7:36","--","--","0.63","0.0","--","--","--","1,700","--","--","No","00:02:09.7","2","00:09:56","00:13:15","--","--"
Walking,2023-03-28 17:44:00,false,"Villanueva de la Cañada Walking","6.30","467","01:22:40","117","133","2.2","77","130","13:07","8:51","36","37","1.07","0.0","--","--","--","8,228","--","--","No","00:03:31.1","7","01:16:37","01:22:40","630","667"
Walking,2023-03-27 16:45:24,false,"Majadahonda Walking","12.59","1,212","02:55:29","146","175","3.5","80","176","13:56","5:29","215","210","0.91","0.0","--","--","--","17,772","--","--","No","00:08:01.8","13","02:49:09","02:55:29","649","722"
Walking,2023-03-26 16:24:13,false,"Majadahonda Walking","4.52","382","01:17:01","119","141","1.0","40","145","17:04","1:22","79","77","2.09","0.0","--","--","--","6,464","--","--","No","00:08:20.3","5","01:13:23","01:17:01","670","722"
Strength Training,2023-03-20 14:19:53,false,"Strength","0.00","95","00:09:15.0","143","167","2.3","--","--","--","--","--","--","--","0.0","--","--","--","120","60","8","No","00:09:15.0","1","00:05:43.1","00:09:43.8","--","--"
Walking,2023-03-20 12:52:57,false,"Majadahonda Walking","7.12","565","01:21:58","133","167","2.8","97","163","11:31","7:23","112","104","0.90","0.0","--","--","--","8,878","--","--","No","00:01:17.9","8","01:19:52","01:21:58","670","750"
Walking,2023-03-15 15:38:37,false,"Majadahonda Walking","14.06","1,087","02:44:18","131","154","3.4","109","247","11:41","6:21","168","171","0.79","0.0","--","--","--","18,064","--","--","No","00:00:45.1","15","02:39:56","02:44:18","670","750"
Walking,2023-03-14 16:42:16,false,"Majadahonda Walking","10.17","825","02:04:00","129","151","3.0","86","246","12:12","3:25","55","114","1.28","0.0","--","--","--","11,854","--","--","No","00:01:48.9","11","01:47:15","02:04:05","678","749"
Walking,2023-03-14 16:00:08,false,"Majadahonda Walking","2.10","188","00:23:23","145","162","2.2","110","237","11:07","7:09","32","5","0.82","0.0","--","--","--","2,668","--","--","No","00:01:12.1","3","00:23:23","00:23:23","718","749"
Running,2023-03-14 15:35:43,false,"Majadahonda - Run Walk Run®","2.34","221","00:23:58","147","176","2.6","116","230","10:13","7:23","66","24","0.85","0.0","--","--","--","3,006","--","--","No","00:06:17.6","3","00:23:09","00:23:58","670","717"
Walking,2023-03-13 17:26:19,false,"Majadahonda Walking","5.20","420","01:00:28","129","151","2.5","98","242","11:38","7:38","77","76","0.88","0.0","--","--","--","6,616","--","--","No","00:02:15.8","6","00:59:04","01:00:28","670","722"
Walking,2023-03-11 16:55:06,false,"Majadahonda Walking","11.88","930","02:12:03","129","157","3.2","107","250","11:07","6:06","88","88","0.85","0.0","--","--","--","14,786","--","--","No","00:04:41.6","13","02:07:15","02:12:04","701","744"
Walking,2023-03-10 16:17:05,false,"Majadahonda Walking","10.83","828","02:09:40","126","152","3.0","101","245","11:58","7:44","106","131","0.82","0.0","--","--","--","14,126","--","--","No","00:09:10.1","11","02:06:05","02:09:40","678","750"
Running,2023-03-10 16:07:12,false,"Majadahonda - Benchmark Run","0.80","82","00:09:00","141","159","2.0","113","242","11:14","1:53","31","2","0.80","0.0","--","--","--","1,056","--","--","No","00:02:00","3","00:08:59","00:09:00","670","706"
Walking,2023-03-09 16:20:31,false,"Majadahonda Walking","13.13","1,030","02:25:41","131","158","3.0","97","250","11:06","3:45","197","199","0.93","0.0","--","--","--","15,698","--","--","No","00:00:38.8","14","02:24:41","02:53:42","670","749"
Walking,2023-03-08 18:29:12,false,"Majadahonda Walking","4.10","328","01:00:17","115","145","1.0","83","220","14:41","10:57","70","113","0.83","0.0","--","--","--","5,842","--","--","No","00:00:07.4","6","00:58:12","01:00:17","670","721"
Walking,2023-03-08 17:35:31,false,"Majadahonda Walking","1.77","216","00:41:20","108","137","0.8","43","150","23:23","2:32","55","55","1.04","0.0","--","--","--","2,266","--","--","No","00:09:10.1","2","00:19:07","00:41:20","725","752"
Walking,2023-03-07 09:37:33,false,"Majadahonda Walking","10.73","833","02:16:04","128","161","2.5","102","233","12:40","9:18","139","130","0.77","0.0","--","--","--","14,634","--","--","No","00:10:03","11","02:14:16","02:16:04","670","750"
Walking,2023-03-06 12:49:31,false,"Majadahonda Walking","7.16","602","01:26:53","135","166","2.6","99","240","12:08","8:03","112","103","0.83","0.0","--","--","--","9,416","--","--","No","00:02:23.6","8","01:26:21","01:26:54","670","750"
Walking,2023-03-05 17:42:43,false,"Walking","5.80","580","01:13:59","140","160","2.9","111","231","12:46","6:07","--","--","0.70","0.0","--","--","--","8,454","--","--","No","00:09:44.2","6","01:12:09","01:13:59","--","--"
Walking,2023-03-05 13:51:32,false,"Walking","2.43","259","00:39:21","118","134","1.4","90","125","16:13","11:10","--","--","0.69","0.0","--","--","--","4,000","--","--","No","00:06:14.6","3","00:35:06","00:39:21","--","--"
Walking,2023-03-01 16:44:04,false,"Majadahonda Walking","3.74","313","00:50:29","125","155","1.5","85","217","13:29","10:42","74","69","0.89","0.0","--","--","--","5,112","--","--","No","00:00:02.3","6","00:50:27","00:50:29","670","719"
Walking,2022-08-20 11:51:22,false,"Pozuelo de Alarcón Walking","2.26","284","01:09:53","102","140","0.8","40","159","30:55","8:59","40","46","0.79","0.0","--","--","--","4,082","--","--","No","00:03:17.1","3","00:29:52","01:39:59","652","678"
Walking,2022-08-08 20:24:48,false,"Pozuelo de Alarcón Walking","6.43","430","01:18:14","123","157","2.3","85","160","12:10","9:45","91","82","0.98","0.0","--","--","--","8,296","--","--","No","00:00:01.6","10","01:17:36","01:18:18","643","696"
Treadmill Running,2022-08-01 11:14:34,false,"Treadmill Running","2.05","168","00:30:41","119","142","1.7","86","186","14:58","7:14","--","--","0.54","0.0","--","--","--","2,750","--","--","No","00:05:23.2","2","00:14:14","00:26:43","--","--"
Treadmill Running,2021-09-29 06:38:10,false,"Treadmill Running","2.99","337","00:35:55","147","172","3.3","120","167","12:00","5:24","--","--","0.81","0.0","--","--","--","4,598","--","--","No","00:06:45.9","4","00:27:14","00:35:55","--","--"
Walking,2021-09-07 19:54:46,false,"Madrid Walking","3.14","248","00:45:19","116","152","1.5","80","137","14:24","10:27","46","50","0.88","0.0","--","--","--","4,198","--","--","No","00:01:42.5","4","--:--:--","00:45:19","645","679"
Walking,2021-08-30 11:57:09,false,"Pozuelo de Alarcón Walking","2.96","223","00:38:16","122","148","1.6","100","131","12:55","9:52","43","40","0.77","0.0","--","--","--","3,940","--","--","No","00:11:49","3","--:--:--","00:38:16","666","694"
Treadmill Running,2021-08-16 19:11:41,false,"Treadmill Running","3.83","305","00:30:46","147","177","3.1","126","233","8:01","3:41","--","--","0.99","0.0","--","--","--","3,942","--","--","No","00:05:55.3","4","--:--:--","00:30:46","--","--"
Walking,2021-08-14 09:11:22,false,"Villaviciosa Walking","14.05","1,051","03:39:30","112","175","2.2","80","236","15:37","7:52","363","356","0.81","0.0","--","--","--","21,094","--","--","No","00:01:19.3","15","--:--:--","04:07:15","-2","149"
Walking,2021-08-13 13:21:01,false,"Ribadesella Walking","2.35","158","00:34:31","104","122","0.7","46","151","14:41","0:50","21","18","1.78","0.0","--","--","--","3,302","--","--","No","00:04:02.2","3","--:--:--","00:34:31","9","17"
Canoeing,2021-08-13 10:51:05,false,"Parres Kayak","7.14","500","01:10:22","123","144","2.5","9","147","9:51","4:19","49","59","15.03","0.0","--","--","--","878","--","--","No","00:02:24.6","8","--:--:--","01:20:14","12","38"
Pool Swim,2021-08-11 20:59:11,false,"Pool Swimming","750","202","00:10:48","136","165","2.0","--","--","1:15","0:27","--","--","--","0.0","234","53","25","--","--","--","No","00:10:48","1","--:--:--","00:10:51","--","--"
Walking,2021-08-08 13:01:51,false,"Gijón Walking","1.39","130","00:25:52","110","152","0.8","46","150","18:36","11:54","92","82","1.24","0.0","--","--","--","1,978","--","--","No","00:08:05.2","2","00:19:14","00:25:52","14","82"
Walking,2021-08-08 11:24:47,false,"Gijón Walking","3.44","276","01:13:54","95","113","0.4","29","177","21:27","8:43","61","55","1.59","0.0","--","--","--","4,702","--","--","No","00:09:09.5","4","00:37:14","01:13:54","14","38"
Walking,2021-08-07 11:38:18,false,"Gijón Walking","4.87","343","01:16:08","102","135","0.6","68","212","15:39","4:38","89","92","0.96","0.0","--","--","--","7,084","--","--","No","00:13:23","5","01:08:39","01:16:08","376","419"
Walking,2021-08-06 12:35:37,false,"Villaviciosa Walking","6.66","460","01:22:01","129","153","2.3","93","237","12:19","7:27","232","232","0.89","0.0","--","--","--","8,552","--","--","No","00:08:02.4","7","01:20:51","01:30:06","-2","48"
Trail Running,2021-08-06 12:04:54,false,"Villaviciosa - W02D7-Intervals","3.81","294","00:30:06","161","182","3.0","132","167","7:54","5:45","30","17","1.04","0.0","--","--","--","4,314","--","--","No","00:00:06.1","8","00:29:56","00:30:17","-1","18"
Walking,2021-08-06 11:50:39,false,"Villaviciosa Walking","0.80","61","00:11:23","95","113","0.4","70","209","14:14","9:12","--","2","1.00","0.0","--","--","--","1,028","--","--","No","00:11:23","1","00:09:35","00:12:15","--","6"
Walking,2021-07-31 21:33:25,false,"Pozuelo de Alarcón Walking","2.75","221","00:30:40","141","176","2.0","100","241","11:08","4:44","21","34","0.90","0.0","--","--","--","3,438","--","--","No","00:07:43.9","3","00:30:33","00:30:40","655","689"
Running,2021-07-31 21:08:16,false,"Pozuelo de Alarcón - W02D2-Intervals","2.77","226","00:24:06","157","187","2.7","129","177","8:41","6:08","17","35","0.92","0.0","--","--","--","3,326","--","--","No","00:00:06.4","7","00:24:04","00:24:07","654","692"
Treadmill Running,2021-07-29 20:55:52,false,"Treadmill Running","6.65","527","00:56:08","148","174","3.4","127","233","8:27","3:31","--","--","0.93","0.0","--","--","--","7,110","--","--","No","00:05:40.2","7","00:53:15","00:58:06","--","--"
Treadmill Running,2021-07-28 20:56:40,false,"Treadmill Running","0.54","52","00:06:12.1","128","150","1.0","109","166","11:29","5:41","--","--","0.80","0.0","--","--","--","724","--","--","No","00:06:12.1","1","00:05:37","00:06:12.1","--","--"
Treadmill Running,2021-07-28 19:35:06,false,"Treadmill Running","3.26","295","00:34:41","138","166","2.9","115","212","10:38","6:21","--","--","0.61","0.0","--","--","--","4,190","--","--","No","00:06:51.9","3","00:28:48","00:43:29","--","--"
Walking,2021-07-27 20:46:06,false,"Pozuelo de Alarcón Walking","3.65","324","00:38:21","151","171","2.5","108","248","10:31","6:33","53","36","0.89","0.0","--","--","--","4,480","--","--","No","00:06:27.2","4","00:38:20","00:38:21","650","690"
Running,2021-07-27 20:25:09,false,"Pozuelo de Alarcón - W01D4-Intervals","2.25","179","00:20:24","156","181","2.3","122","173","9:04","5:26","3","24","0.96","0.0","--","--","--","2,708","--","--","No","00:00:23.6","5","00:19:56","00:20:24","644","667"
Walking,2021-07-26 17:53:05,false,"Pozuelo de Alarcón Walking","5.55","413","01:12:20","128","163","2.1","85","218","13:02","6:17","88","80","0.93","0.0","--","--","--","7,398","--","--","No","00:06:41.6","6","01:11:33","01:12:20","654","702"
Treadmill Running,2021-07-26 12:27:13,false,"Treadmill Running","2.57","277","00:30:45","140","172","2.7","118","237","11:58","5:12","--","--","0.71","0.0","--","--","--","3,742","--","--","No","00:07:23.9","3","00:26:59","00:30:45","--","--"
Walking,2021-07-25 12:55:11,false,"Pozuelo de Alarcón Walking","4.60","341","00:54:42","134","161","2.1","91","237","11:53","9:21","46","47","0.93","0.0","--","--","--","5,940","--","--","No","00:06:59.9","5","00:54:15","00:55:54","648","677"
Cycling,2021-07-24 20:13:04,false,"Pozuelo de Alarcón Cycling","1.05","72","00:07:06.6","144","167","1.9","--","--","8.8","26.5","9","11","--","0.0","--","--","--","--","--","--","No","00:07:06.6","1","00:06:09","00:07:06.6","655","666"
Walking,2021-07-24 11:11:34,false,"Pozuelo de Alarcón Walking","0.86","83","00:10:38","140","165","1.2","91","129","12:20","9:42","10","2","0.89","0.0","--","--","--","1,150","--","--","No","00:10:38","1","00:09:46","00:10:38","654","675"
Walking,2021-07-24 10:04:04,false,"Madrid Walking","2.73","279","00:31:31","151","174","2.5","95","238","11:33","9:52","51","3","0.92","0.0","--","--","--","3,520","--","--","No","00:08:05.8","3","00:31:10","00:34:15","621","676"
Running,2021-07-24 09:51:07,false,"Madrid Running","1.75","135","00:12:18","171","188","2.6","162","169","7:01","5:52","--","46","0.88","0.0","--","--","--","2,012","--","--","No","00:05:22.3","2","00:12:14","00:12:18","624","675"
Cycling,2021-07-22 11:43:05,false,"El Vendrell Cycling","15.83","539","01:08:52","131","163","3.1","--","--","13.8","22.6","19","19","--","0.0","--","--","--","--","--","--","No","00:04:03.1","4","01:07:44","01:08:52","0","18"
Walking,2021-07-20 11:07:04,false,"El Vendrell Walking","5.66","364","01:06:39","113","135","1.8","98","126","11:46","7:12","52","52","0.87","0.0","--","--","--","7,270","--","--","No","00:07:15.3","6","01:04:10","01:51:33","2","18"
Walking,2021-07-11 13:08:22,false,"Pozuelo de Alarcón Walking","4.01","274","00:50:57","121","156","1.6","75","216","12:42","10:49","41","43","1.08","0.0","--","--","--","5,236","--","--","No","00:00:02.1","5","00:50:00","00:50:57","674","716"
Walking,2021-06-20 10:06:08,false,"Pozuelo de Alarcón Walking","8.55","639","01:43:00","127","160","2.5","98","244","12:03","6:21","132","135","0.87","0.0","--","--","--","10,980","--","--","No","00:06:09.9","9","01:36:14","02:04:51","649","699"
Walking,2021-04-30 14:01:40,false,"Pozuelo de Alarcón Walking","1.06","104","00:10:35","151","171","2.2","146","248","9:58","5:48","24","13","0.69","0.0","--","--","--","1,246","--","--","No","00:00:36.2","2","00:10:00","00:10:35","664","689"
Walking,2021-04-30 13:14:56,false,"Pozuelo de Alarcón Walking","5.08","411","00:44:27","152","166","3.0","116","249","8:45","2:37","18","46","1.02","0.0","--","--","--","5,154","--","--","No","00:00:14.6","6","00:44:25","00:44:27","687","733"
Running,2021-04-30 13:03:21,false,"Pozuelo de Alarcón Running","1.61","128","00:11:22","167","182","2.6","160","234","7:04","5:05","25","--","0.88","0.0","--","--","--","1,842","--","--","No","00:04:25.1","2","00:11:21","00:11:22","694","722"
Walking,2021-04-29 11:00:51,false,"Pozuelo de Alarcón Walking","2.86","229","00:27:31","141","169","2.3","119","248","9:37","6:57","21","61","0.88","0.0","--","--","--","3,366","--","--","No","00:07:56.0","3","00:27:31","00:27:31","654","716"
Running,2021-04-29 10:54:59,false,"Pozuelo de Alarcón - Cadence Drills","0.84","68","00:05:23.5","180","187","2.3","157","174","6:25","4:53","17","--","1.03","0.0","--","--","--","874","--","--","No","00:00:11.8","3","00:05:23.2","00:05:23.5","694","712"
Walking,2021-04-29 10:38:34,false,"Pozuelo de Alarcón Walking","1.54","123","00:15:30","139","166","2.0","120","133","10:03","8:09","35","10","0.83","0.0","--","--","--","1,894","--","--","No","00:05:22.3","2","00:15:30","00:15:30","654","690"
Walking,2021-04-26 12:47:47,false,"Pozuelo de Alarcón Walking","1.18","119","00:11:14","155","190","2.3","125","248","9:30","3:23","21","5","0.84","0.0","--","--","--","1,382","--","--","No","00:01:13.1","2","00:11:13","00:11:14","651","675"
Running,2021-04-26 12:38:39,false,"Pozuelo de Alarcón - Tired Run","1.61","111","00:08:39.5","180","190","2.9","169","176","5:23","5:00","5","33","1.10","0.0","--","--","--","1,482","--","--","No","00:03:14.6","2","00:08:39.5","00:08:39.5","660","695"
Walking,2021-04-25 12:02:38,false,"Pozuelo de Alarcón Walking","1.69","153","00:15:49","151","184","2.3","126","248","9:20","5:12","19","19","0.86","0.0","--","--","--","1,936","--","--","No","00:06:38.9","2","00:15:48","00:15:49","652","677"
Running,2021-04-25 11:56:29,false,"Pozuelo de Alarcón Running","1.01","67","00:05:47.1","170","187","2.2","168","173","5:45","5:05","--","23","1.03","0.0","--","--","--","968","--","--","No","00:00:01.7","2","00:05:46.4","00:05:47.1","668","695"
Walking,2021-04-23 11:56:24,false,"Pozuelo de Alarcón Walking","1.02","105","00:10:06","156","169","2.2","122","248","9:52","5:18","17","3","0.85","0.0","--","--","--","1,194","--","--","No","00:00:03.4","3","00:09:57.2","00:10:07","652","676"
Running,2021-04-23 11:43:17,false,"Pozuelo de Alarcón - Negative Split Run","2.03","158","00:12:45","177","187","3.1","164","175","6:17","5:16","2","31","0.97","0.0","--","--","--","2,088","--","--","No","00:00:14.5","3","00:12:38","00:12:45","657","694"
Walking,2021-04-21 08:58:44,false,"Pozuelo de Alarcón Walking","1.58","166","00:15:05","159","172","2.8","137","248","9:33","5:50","22","31","0.77","0.0","--","--","--","1,822","--","--","No","00:00:03.2","4","00:15:01","00:15:05","651","683"
Running,2021-04-21 08:48:58,false,"Pozuelo de Alarcón - Benchmark Run","1.32","108","00:09:00","172","189","2.7","148","248","6:48","5:11","9","25","0.99","0.0","--","--","--","1,344","--","--","No","00:02:00","3","00:09:00","00:09:00","668","695"
Walking,2021-04-20 12:03:46,false,"Pozuelo de Alarcón Walking","2.39","227","00:22:46","157","181","2.8","130","248","9:31","5:48","31","23","0.81","0.0","--","--","--","2,784","--","--","No","00:03:47.5","3","00:22:45","00:22:46","656","679"
Running,2021-04-20 11:57:58,false,"Pozuelo de Alarcón Running","0.83","64","00:05:34.0","168","186","2.1","164","235","6:44","4:25","--","6","0.91","0.0","--","--","--","912","--","--","No","00:05:34.0","1","00:05:33","00:05:34.0","653","667"
Walking,2021-04-01 11:26:01,false,"Pozuelo de Alarcón Walking","4.21","405","00:41:18","154","170","3.1","113","248","9:48","6:16","15","33","0.91","0.0","--","--","--","4,794","--","--","No","00:02:07.4","5","00:41:16","00:42:38","686","723"
Running,2021-04-01 11:18:47,false,"Pozuelo de Alarcón Running","1.01","77","00:06:36.8","167","185","2.3","163","171","6:33","5:26","8","--","0.94","0.0","--","--","--","1,090","--","--","No","00:00:06.6","2","00:06:36.6","00:06:36.8","708","720"
Walking,2021-03-02 09:02:47,false,"Pozuelo de Alarcón Walking","1.26","128","00:12:07","153","168","2.2","123","245","9:38","6:37","16","--","0.84","0.0","--","--","--","1,480","--","--","No","00:02:28.4","2","00:12:06","00:12:07","650","675"
Running,2021-03-02 08:39:15,false,"Pozuelo de Alarcón - Run","3.60","275","00:22:53","172","190","3.5","160","180","6:22","4:40","17","36","0.98","0.0","--","--","--","3,684","--","--","No","00:01:07.0","6","00:22:52","00:22:53","645","677"
Walking,2021-02-27 19:14:41,false,"Pozuelo de Alarcón Walking","1.01","107","00:11:13","143","154","1.9","99","245","11:06","8:30","22","1","0.91","0.0","--","--","--","1,258","--","--","No","00:00:01.1","4","00:11:07","00:11:13","652","675"
Running,2021-02-27 18:38:03,false,"Pozuelo de Alarcón - Run","4.57","339","00:29:28","168","184","3.5","161","180","6:27","4:31","53","56","0.96","0.0","--","--","--","4,860","--","--","No","00:00:06.7","7","00:29:13","00:34:37","660","698"
Walking,2021-02-26 13:40:34,false,"Pozuelo de Alarcón Walking","2.78","238","00:28:06","142","152","2.2","110","249","10:08","6:28","59","3","0.90","0.0","--","--","--","3,370","--","--","No","00:07:42.8","3","00:28:05","00:28:06","655","714"
Running,2021-02-26 13:22:02,false,"Pozuelo de Alarcón - Run","2.85","202","00:17:17","164","186","3.1","159","241","6:04","2:28","--","54","1.03","0.0","--","--","--","2,740","--","--","No","00:02:00","5","00:17:16","00:17:17","652","709"
Walking,2021-02-24 12:27:31,false,"Pozuelo de Alarcón Walking","0.76","84","00:08:24.7","147","157","1.7","108","248","11:01","6:15","21","--","0.84","0.0","--","--","--","960","--","--","No","00:08:24.7","1","00:07:44","00:08:24.7","653","676"
Running,2021-02-24 12:13:41,false,"Pozuelo de Alarcón - Run","2.02","140","00:12:02","169","186","2.8","156","245","5:58","4:27","10","37","1.05","0.0","--","--","--","1,866","--","--","No","00:02:00","4","00:12:01","00:12:02","652","695"
Walking,2021-02-21 08:28:20,false,"Pozuelo de Alarcón Walking","6.01","480","00:58:41","143","168","2.6","125","248","9:46","5:31","38","81","0.83","0.0","--","--","--","6,906","--","--","No","00:00:03.7","7","00:58:39","00:58:42","654","729"
Running,2021-02-21 08:06:30,false,"Pozuelo de Alarcón - Run","2.95","248","00:20:59","175","186","3.2","162","171","7:08","5:07","60","10","0.87","0.0","--","--","--","3,410","--","--","No","00:02:00","5","00:20:51","00:20:59","654","716"
Running,2021-02-18 11:20:12,false,"Pozuelo de Alarcón - Run","2.10","145","00:13:07","163","187","2.7","160","249","6:15","4:35","10","41","0.98","0.0","--","--","--","2,120","--","--","No","00:02:00","4","00:12:58","00:13:07","652","695"
Running,2021-02-13 18:38:49,false,"Pozuelo de Alarcón - Run","2.26","156","00:12:45","174","186","3.0","166","176","5:39","4:41","17","54","1.07","0.0","--","--","--","2,132","--","--","No","00:02:00","4","00:12:45","00:16:08","651","692"
Running,2021-02-12 12:33:26,false,"Pozuelo de Alarcón Running","5.00","392","00:30:53","178","191","3.9","166","178","6:10","4:48","11","9","0.96","0.0","--","--","--","5,176","--","--","No","00:00:00.6","6","00:30:49","00:30:53","707","717"
Walking,2021-02-10 12:31:27,false,"Pozuelo de Alarcón Walking","1.23","118","00:13:24","142","167","1.5","95","241","10:56","5:36","19","15","0.97","0.0","--","--","--","1,516","--","--","No","00:02:26.5","2","00:13:05","00:13:24","650","669"
Running,2021-02-10 12:17:15,false,"Pozuelo de Alarcón - Run","2.17","161","00:13:21","171","183","2.8","158","173","6:10","5:00","21","27","1.03","0.0","--","--","--","2,138","--","--","No","00:02:00","4","00:13:13","00:13:21","662","693"
Walking,2021-02-09 12:01:00,false,"Pozuelo de Alarcón Walking","2.17","185","00:22:00","141","165","2.1","122","248","10:07","6:41","34","24","0.81","0.0","--","--","--","2,668","--","--","No","00:01:38.1","3","00:21:59","00:22:00","655","690"
Running,2021-02-09 11:40:08,false,"Pozuelo de Alarcón - Run","2.88","229","00:19:47","168","182","3.0","157","171","6:53","5:39","18","42","0.92","0.0","--","--","--","3,152","--","--","No","00:02:00","5","00:19:29","00:20:10","652","695"
Running,2021-02-07 17:37:12,false,"Pozuelo de Alarcón - Run","2.08","142","00:12:18","165","185","2.7","156","242","5:55","4:17","9","35","1.06","0.0","--","--","--","1,958","--","--","No","00:02:00","4","00:12:12","00:12:18","653","696"
Running,2021-02-05 17:19:30,false,"Pozuelo de Alarcón - Walk/Run Repeats","4.07","326","00:26:07","177","188","3.6","156","180","6:25","4:00","9","50","1.00","0.0","--","--","--","4,148","--","--","No","00:00:02.0","13","00:25:51","00:26:11","643","696"
